surah_number,ayah_number,translation
67,1,Maha Berkat (serta Maha Tinggi kelebihan) Tuhan yang menguasai pemerintahan (dunia dan akhirat). Dan Dia Maha Berkuasa atas segala sesuatu.
67,2,Dialah yang menjadikan mati dan hidup untuk menguji kamu bahawa sesiapa antara kamu yang lebih baik amalannya. Dia Maha Berkuasa (membalas amalan kamu) lagi Maha Pengampun (bagi orang yang bertaubat).
67,3,"Dialah yang menjadikan tujuh petala langit yang berlapis-lapis. Kamu tidak dapat melihat sesuatu yang tidak seimbang pada ciptaan Tuhan Yang Maha Pemurah. Maka lihatlah sekali lagi, adakah kamu melihat sebarang kecacatan?"
67,4,"Kemudian, ulangi pandangan (mu) sekali lagi, nescaya pandanganmu akan kembali kepadamu tanpa menemukan kecacatan dan (pandanganmu) dalam keadaan lemah lesu (kerana tenaga habis dengan sia-sia)."
67,5,Sesungguhnya telah Kami hiasi langit yang dekat (pada penglihatan penduduk bumi) dengan bintang dan Kami jadikan bintang itu sebagai alat rejaman terhadap syaitan serta Kami sediakan bagi mereka azab neraka yang menjulang-julang nyalaannya.
67,6,Bagi orang yang ingkar kepada Tuhannya akan mendapat azab neraka Jahanam dan itulah seburuk-buruk tempat kembali.
67,7,"Apabila mereka dilemparkan ke dalam-nya, mereka mendengar suara jeritan yang mengerikan dalam keadaan neraka itu mendidih."
67,8,"Hampir pecah berkecai-kecai kerana marahnya. Setiap kali ada sekumpulan (orang kafir) dilemparkan ke dalamnya, penjaga-penjaga neraka itu bertanya kepada mereka, Apakah tidak pernah ada Rasul yang datang memberikan amaran kepada kamu (di dunia dahulu)?"
67,9,"Mereka menjawab, Benar, sesungguh-nya seorang pemberi amaran telah datang kepada kami tetapi kami mendustakannya serta kami berkata (kepadanya) Allah tidak menurunkan apa-apa pun, kamu (wahai orang yang mendakwa menjadi Rasul) sebenarnya kamu berada dalam kesesatan yang besar!"
67,10,"Mereka berkata, Sekiranya dahulu kami mendengar atau memahami (sebagai orang yang mencari kebenaran) pasti kami tidak termasuk dalam kalangan penghuni neraka."
67,11,"Akhirnya, mereka mengakui dosa mereka (sebagai orang yang kufur dan ingkar). Maka rahmat Allah jauh daripada penghuni neraka."
67,12,"Sesungguhnya orang yang takut (melanggar hukum) Tuhannya secara ghaib (semasa mereka tidak melihat azab neraka), maka mereka beroleh keampunan dan pahala yang besar."
67,13,Dan tuturkanlah perkataanmu dengan perlahan atau nyaring (sama sahaja keadaan-nya kepada Allah) kerana sesungguhnya Allah Maha Mengetahui segala (isi hati) yang terkandung di dalam dada.
67,14,Tidakkah Allah yang menciptakan sekalian makhluk itu mengetahui (segala-galanya)? Sesungguhnya Dia Maha Halus (Terperinci) urus tadbir-Nya lagi Maha Mendalam Pengetahuan-Nya.
67,15,"Dialah yang menjadikan bumi untuk memudahkan kamu menjelajah, maka jelajahilah segala penjurunya dan makanlah daripada rezeki-Nya. Dan (ingatlah) hanya kepada-Nya (tempat kembali kamu) sesudah dibangkitkan semula. (Maka hargailah nikmat-Nya dan takutlah kemurkaan-Nya)."
67,16,"Patutkah kamu berasa aman (tidak takut) kepada Tuhan yang pusat pemerintahan-Nya di langit, menterbalikkan bumi dan menimbus kamu lalu bumi bergegar dengan serta-merta (melenyapkan kamu di bawahnya)?"
67,17,"Patutkah kamu berasa aman (tidak takut) kepada Tuhan yang pusat pemerintahan-Nya di langit, mengirimkan angin ribut yang menghujani kamu dengan batu? Maka dengan itu kamu akan mengetahui bagaimana buruknya kesan amaran-Ku."
67,18,Sesungguhnya orang (kafir) terdahulu telah mendustakan (para Rasul-Nya lalu mereka dibinasakan). Maka (perhatikanlah) bagaimana buruknya kesan kemurkaan-Ku.
67,19,"Patutkah mereka menutup mata dan memerhatikan (kekuasaan Allah pada) burung yang terbang, (siapakah yang menjaga) ketika burung itu mengembangkan dan menguncupkan sayapnya? Tidak ada yang menahannya (daripada jatuh) selain (kekuasaan) Allah Yang Maha Pemurah. Sesungguhnya Dia Maha Melihat serta mengetahui segala sesuatu."
67,20,Atau siapakah yang akan menjadi bala tentera bagimu yang dapat membelamu selain Allah Yang Maha Pemurah? (Sebenarnya) orang kafir itu hanya berada dalam keadaan terpedaya.
67,21,Atau siapakah yang dapat memberimu rezeki jika Allah menahan rezeki-Nya? (Tidak ada sesiapa pun) bahkan mereka (yang musyrik itu) terus kekal dalam kesombongan dan menjauhkan diri daripada kebenaran.
67,22,"Adakah orang yang berjalan (melalui jalan yang tidak betul, yang menyebabkan dia selalu jatuh) tersungkur boleh mendapat hidayah atau orang yang berjalan tegak di atas jalan yang lurus?"
67,23,"Katakanlah (wahai Muhammad), Dia yang menciptakan kamu (daripada tiada kepada ada) dan menjadikan pendengaran, penglihatan dan hati nurani (akal untuk kamu berfikir). Tetapi, sedikit sekali kamu bersyukur."
67,24,"Katakanlah, Dialah yang menjadikan kamu berkembang biak di muka bumi dan hanya kepada-Nya kamu akan dikumpulkan."
67,25,"Dan mereka (yang ingkar) berkata, Bilakah datangnya hari kiamat yang dijanjikan itu, jika kamu orang yang benar?"
67,26,"Katakanlah (wahai Muhammad), Sesungguhnya ilmu (tentang hari kiamat itu) hanya ada pada Allah dan aku hanya pemberi peringatan dan amaran yang jelas."
67,27,"Maka apabila mereka melihat azab (pada hari kiamat) sudah dekat, wajah orang kafir itu menjadi muram lalu dikatakan (kepada mereka), Inilah (azab) yang dahulu kamu minta disegerakan kedatangannya!"
67,28,"Tanyalah (wahai Muhammad) kepada mereka, Bagaimanakah fikiran kamu jika Allah membinasakan aku dan orang yang bersama-samaku (sebagaimana yang kamu harap-harapkan) atau memberi rahmat kepada kami, (sehingga kami dapat mengalahkan kamu), lalu siapakah yang dapat melindungi orang kafir daripada azab yang tidak terperi sakitnya?"
67,29,"Tegaskan (wahai Muhammad kepada mereka), Dialah Yang Maha Pemurah, kami beriman dengan-Nya dan kepada-Nya kami bertawakal. Maka kelak kamu akan menge-tahui siapa yang berada dalam kesesatan yang nyata."
67,30,"Katakanlah lagi, Bagaimanakah fikiran kamu jika sumber air kamu menjadi kering (ditelan bumi), maka siapakah (selain Allah) yang akan memberi kamu air yang sentiasa mengalir?"
68,1,.. Demi pena dan apa-apa yang ditulis oleh mereka.
68,2,"Dengan kurniaan Tuhanmu (wahai Muhammad), kamu bukanlah orang gila (sebagaimana yang dituduh oleh kaum musyrikin, bahkan kamu seorang yang bijaksana)."
68,3,Dan sesungguhnya kamu tetap mendapat pahala yang besar yang tidak terputus (sebagai balasan bagi melaksanakan ajaran Islam).
68,4,Dan sesungguhnya kamu mempunyai akhlak yang sangat mulia.
68,5,Maka (tidak lama lagi) kamu akan melihat dan mereka juga akan melihat.
68,6,Siapakah antara kamu yang gila?
68,7,"Sesungguhnya Tuhanmu, Dialah yang lebih mengetahui sesiapa yang sesat daripada jalan-Nya dan Dialah yang lebih mengetahui orang yang mendapat hidayah petunjuk."
68,8,Oleh itu (berpegang teguhlah pada ajaran Islam yang sedang kamu amalkan dan) janganlah menurut kemahuan orang yang mendustakan (agama Allah).
68,9,"Dan mereka menginginkan agar kamu bertolak ansur (menurut kemahuan mereka), supaya mereka juga bertolak ansur, berlemah-lembut (pada zahirnya terhadapmu)."
68,10,Dan janganlah kamu (berubah daripada pendirianmu yang benar dan jangan) menurut kemahuan orang yang selalu bersumpah lagi hina (pendapat dan amalannya).
68,11,Yang suka mengumpat dan suka me-nyebarkan fitnah (untuk memecahbelahkan orang ramai).
68,12,"Yang menghalang segala amal kebajikan, yang melampaui batas dan yang banyak dosanya."
68,13,Yang bertabiat kejam selain terkenal dengan kejahatannya.
68,14,Adakah kerana dia seorang hartawan dan ramai anaknya (maka dia mendustakan agama Kami)?
68,15,"Apabila ayat-ayat Kami dibacakan kepadanya, dia berkata, (Ini adalah) cerita dongeng orang dahulu kala."
68,16,(Orang yang bersifat demikian akan didedahkan kehinaannya). Kelak Kami akan beri tanda di atas hidungnya (berupa belalai).
68,17,Sesungguhnya Kami telah timpakan mereka dengan bala bencana sebagaimana Kami timpakan kepada pemilik-pemilik kebun (daripada kaum yang terdahulu) ketika mereka bersumpah (bahawa) mereka akan memetik buah-buahan kebun itu pada keesokan.
68,18,Serta mereka tidak menyebut penge-cualian.
68,19,Lalu kebun itu ditimpa bencana yang datang daripada Tuhanmu ketika mereka sedang tidur (pada waktu malam).
68,20,Maka jadilah kebun itu sebuah kebun yang telah binasa kesemuanya.
68,21,Lalu pada waktu pagi mereka saling memanggil antara satu dengan yang lain.
68,22,"(Sesetengah mereka berkata), Pergilah ke kebunmu pagi-pagi jika kamu hendak memetik buahnya."
68,23,Maka mereka pun berjalan sambil berbisik-bisik.
68,24,"Pada hari ini, jangan sampai ada orang miskin masuk ke dalam kebunmu."
68,25,Berangkatlah mereka pada waktu pagi dengan niat menghalang orang miskin daripada mendapat hasil kebun itu.
68,26,"Sebaik-baik sahaja mereka melihat kebun itu, mereka berkata, Sebenarnya kita telah sesat jalan (ini bukan kebun kita)."
68,27,"(Setelah memerhati dengan teliti, mereka berkata, Tidak! Kita tidak sesat) bahkan kita orang yang dihampakan (daripada hasil kebun kita dengan sebab ingatan buruk kita sendiri)."
68,28,"Berkatalah orang yang bersikap adil antara mereka, Bukankah aku telah mengatakan kepadamu, elok kiranya kamu mengingati Allah (serta membatalkan rancangan kamu yang jahat itu)."
68,29,"Mereka berkata dengan sesalnya, Maha Suci Tuhan kami! Sesungguhnya kami ialah orang yang zalim."
68,30,Lalu mereka saling berhadapan dan saling menyalahkan.
68,31,"Mereka berkata, Celakalah kita! Sesung-guhnya kita orang yang melampaui batas."
68,32,"Mudah-mudahan, (dengan sebab kita bertaubat) Tuhan menggantikan bagi kita yang lebih baik daripada (kebun yang telah binasa) itu. Sesungguhnya kepada Tuhan sahaja kita berharap."
68,33,Begitulah azab (yang ditimpakan kepada golongan yang ingkar di dunia). Sesung-guhnya azab akhirat lebih besar sekiranya mereka mengetahui (tentu mereka beringat).
68,34,Sesungguhnya bagi orang yang bertakwa disediakan taman syurga yang penuh kenikmatan di sisi Tuhan mereka.
68,35,Patutkah Kami (berlaku tidak adil dengan) menjadikan orang Islam (yang taat) sama seperti orang yang berdosa (yang kufur ingkar)?
68,36,Mengapakah kamu berbuat demikian? Bagaimana kamu menetapkan hukum (yang terang-terang salahnya itu)?
68,37,Adakah kamu mempunyai kitab (yang diturunkan Allah) yang kamu baca dan pelajari?
68,38,Sesungguhnya dalam kitab itu kamu boleh mendapat apa-apa sahaja yang kamu pilih?
68,39,"Adakah kamu memperoleh janji yang diperkuat dengan sumpah daripada Kami yang tetap hingga hari kiamat, menentukan bahawa kamu dapat mencapai apa-apa yang kamu putuskan?"
68,40,"Tanyakanlah kepada mereka, Siapakah antara mereka yang dapat menjamin ketetapan bahawa mereka akan mendapat balasan sebagaimana yang diperoleh orang Islam di akhirat?"
68,41,"Atau adakah mereka mempunyai sekutu-sekutu (yang sefahaman dengan mereka?Jika ada) hendaklah mereka membawanya, jika mereka orang yang benar."
68,42,"(Ingatlah orang yang tidak beriman) akan didedahkan kedahsyatan huru-hara (hari kiamat) dan mereka diseru supaya sujud, namun mereka tidak melakukannya."
68,43,"Pandangan mereka tertunduk ke bawah, diliputi kehinaan. Sesungguhnya, dahulu (di dunia) mereka telah diseru supaya bersujud sewaktu mereka sihat (tetapi mereka enggan melakukannya)."
68,44,Maka serahkanlah kepada-Ku (wahai Muhammad) dengan orang yang mendus-takan keterangan al-Quran ini. Kelak Kami akan hukum mereka beransur-ansur dari arah yang tidak diketahui mereka.
68,45,Aku akan melanjutkan tempoh untuk mereka. Sesungguhnya perancangan-Ku sangat kukuh (terhadap golongan yang ingkar itu).
68,46,"Pernahkah kamu (wahai Muhammad) meminta balasan (ganjaran) daripada mereka (tentang ajaran Islam yang kamu sampaikan), lalu mereka berasa berat menanggung bayaran itu (sehingga mereka menjauhkan diri daripada menyahut seruanmu)?"
68,47,"Atau adakah di sisi mereka (Luh Mahfuz yang mengandungi) perkara-perkara ghaib, lalu mereka menyalin (daripadanya untuk menentang ajaran dan peringatanmu)?"
68,48,Maka bersabarlah (wahai Muhammad) terhadap ketetapan Tuhanmu (memberikan tempoh kepada mereka) dan janganlah kamu bersikap seperti orang yang telah ditelan oleh ikan. (Ingatlah kisahnya) ketika dia berdoa merayu dengan keadaan sesak sebak terkurung di dalam perut ikan.
68,49,"Sekiranya dia tidak mendapat nikmat pertolongan daripada Tuhannya, nescaya dia tercampak ke tanah yang tandus (di tepi pantai) dalam keadaan ditempelak (kerana salah silapnya)."
68,50,Selepas itu Tuhannya memilih dirinya dan menjadikannya termasuk dalam kala-ngan orang yang soleh.
68,51,"Dan sesungguhnya orang kafir itu hampir-hampir menggelincirkan dan men-jatuhkanmu dengan pandangan mereka (yang penuh dengan permusuhan dan kebencian) ketika mereka mendengar al-Quran sambil berkata, Dia (Muhammad) itu benar-benar orang gila."
68,52,Padahal al-Quran itu tidak lain hanyalah peringatan bagi umat manusia seluruhnya.
69,1,Saat yang pasti.
69,2,Apakah saat yang pasti?
69,3,Dan bagaimanakah kamu dapat menge-tahui tentang (sifat dan keadaan) saat yang pasti itu (saat itu ialah hari kiamat)?
69,4,Kaum Thamud dan Aad telah mendustakan hari (kiamat) yang menggemparkan dan mengharu-birukan itu.
69,5,"Maka (masing-masing menerima azab dunianya), yang mana kaum Thamud (kaum Saleh) telah dibinasakan dengan (pekikan) yang sangat dahsyat."
69,6,"Adapun kaum Aad (kaum Hud), mereka telah dibinasakan dengan angin taufan yang sangat sejuk lagi amat kencang."
69,7,"Yang diarahkan menyerang mereka tujuh malam lapan hari terus-menerus. (Kalaulah kamu menyaksikannya), maka kamu akan melihat kaum itu mati bergelimpangan seolah-olah mereka itu seperti batang-batang pohon kurma yang (tumbang dan) lompong."
69,8,"Dengan yang demikian, dapatkah kamu melihat lagi sisa-sisa mereka (yang masih hidup)?"
69,9,Dan datanglah Firaun dan orang yang sebelumnya serta penduduk negeri-negeri yang ditunggangbalikkan kerana kesalahan yang besar.
69,10,"Maka mereka menderhakai Rasul yang diutus oleh Tuhan mereka, lalu Allah menyeksa mereka dengan seksaan yang sentiasa bertambah."
69,11,"Sesungguhnya ketika air bah melampaui hadnya (serta menenggelamkan gunung-ganang), Kami telah mengangkut (serta menyelamatkan nenek moyang) kamu ke dalam bahtera Nuh (yang bergerak laju pelayarannya)."
69,12,Agar Kami jadikan peristiwa itu sebagai peringatan bagi kamu dan agar didengari oleh telinga (orang) yang mahu mendengar (menerima pengajaran).
69,13,Maka apabila sangkakala ditiup dengan sekali tiupan.
69,14,"Dan bumi serta gunung-ganang diangkat, lalu dihancurkan kedua-duanya dengan sekali hentaman."
69,15,Maka pada saat itu terjadilah hari kiamat.
69,16,Dan terbelahlah langit lalu menjadi reput (dan runtuh) pada saat itu.
69,17,Dan sedangkan para Malaikat mengawal segala penjuru. Arasy Tuhanmu pada saat itu ditanggung oleh lapan Malaikat di atas (kepala) mereka yang mengawal itu.
69,18,"Pada hari itu, kamu semua dihadapkan (kepada Tuhanmu untuk hitungan amalan). Tidak ada suatu pun perkara yang tersembunyi (daripada Allah)."
69,19,"Maka sesiapa yang menerima kitab amalannya dengan tangan kanannya, maka dia akan berkata (dengan gembiranya kepada sesiapa sahaja yang ada di sisinya), Nah, bacalah kamu kitab amalanku ini!"
69,20,Sesungguhnya aku telah mengetahui dengan yakin bahawa aku akan mengha-dapi hitungan amalanku (pada hari yang ditentukan)!
69,21,Maka (dengan itu) tinggallah dia da-lam kehidupan yang senang-lenang lagi memuaskan.
69,22,Di dalam syurga yang tinggi (darjatnya).
69,23,Buah-buahannya dekat untuk dipetik.
69,24,"(Masing-masing dipersilakan menik-matinya dengan dikatakan kepada mereka), Makan dan minumlah kamu sebagai nikmat yang lazat dan baik kesudahannya dengan sebab (amalan soleh) yang telah kamu lakukan pada masa yang lalu (di dunia)!"
69,25,"Dan adapun orang yang menerima kitab amalannya dengan tangan kirinya, maka dia akan berkata (dengan sesalnya), Alangkah baiknya kalau aku tidak diberikan kitab amal-anku."
69,26,Sehingga aku tidak mengetahui hitungan amalanku.
69,27,Alangkah baiknya kalau kematianku di dunia dahulu menjadi pemutus (yang menamatkan kesudahanku dan tidak dibangkitkan lagi).
69,28,Harta kekayaanku tidak dapat menolongku sedikit pun.
69,29,Kekuasaanku (dan hujah-hujahku untuk membela diri) telah binasa dan hilang lenyap daripadaku.
69,30,"(Lalu diperintahkan Malaikat penjaga neraka), Tangkaplah orang yang berdosa itu serta belenggulah dia."
69,31,"Kemudian, masukkan dan bakarlah dia di dalam neraka Jahim."
69,32,"Kemudian, masukkanlah dia ke dalam (lingkaran) rantai besi yang ukuran panjangnya tujuh puluh hasta (dengan membelitkan rantai besi itu ke badannya)!"
69,33,Sesungguhnya dahulu dia tidak beriman kepada Allah Yang Maha Agung.
69,34,Dan dia juga tidak menggalakkan (dirinya dan orang lain) memberi makanan kepada orang miskin.
69,35,"Maka pada hari ini, tidak ada baginya di sini (seorang pun daripada) kaum kerabat serta sahabat handainya (yang dapat menolongnya)."
69,36,Dan tidak ada makanan (baginya) me-lainkan daripada air danur.
69,37,Tidak ada yang memakannya kecuali orang yang berdosa.
69,38,"Maka aku bersumpah, demi segala (yang nyata) yang kamu lihat."
69,39,Dan segala (yang ghaib) yang kamu tidak dapat melihatnya.
69,40,Sesungguhnya al-Quran itu benar-benar (wahyu daripada Kami) yang disampaikan oleh Rasul yang mulia.
69,41,"Dan al-Quran itu bukanlah kata-kata seorang penyair (sebagaimana yang kamu dakwa. Tetapi, sayang!) amat sedikit kamu beriman."
69,42,"Juga, al-Quran itu bukanlah kata-kata seorang tukang tilik (sebagaimana yang kamu katakan. Tetapi, sayang!) amat sedikit kamu mengambil peringatan."
69,43,"(Al-Quran itu) diturunkan daripada Allah, Tuhan seluruh alam."
69,44,"Dan sekiranya (Muhammad yang menyampaikan al-Quran itu) mengatakan sebarang kata-kata rekaan atas nama Kami secara dusta,"
69,45,Pasti Kami akan menyentapnya dengan kekuasaan Kami.
69,46,"Kemudian, sudah tentu Kami akan memotong pembuluh jantungnya (supaya dia mati dengan serta-merta)."
69,47,Maka tidak ada seorang pun antara kamu yang dapat menghalang (tindakan Kami itu) daripada menimpanya.
69,48,Dan sesungguhnya (al-Quran) itu tetap menjadi peringatan bagi orang yang bertakwa.
69,49,"Dan sesungguhnya Kami sedia mengetahui bahawa ada antara kamu yang mendustakan (al-Quran, maka Kami akan membalasnya)."
69,50,Dan sesungguhnya al-Quran itu sudah tentu akan menyebabkan penyesalan bagi orang kafir (semasa mereka menerima balasan).
69,51,Dan sesungguhnya al-Quran itu ialah kebenaran yang diyakini (dengan seyakin-yakinnya).
69,52,"Oleh itu, bertasbihlah dengan memuji nama Tuhanmu Yang Maha Agung."
70,1,Salah seorang (dalam kalangan orang kafir Mekah secara mengejek-ejek) meminta kedatangan azab yang (dijanjikan) akan berlaku.
70,2,"Azab yang disediakan untuk orang kafir, yang tidak ada sesiapa pun dapat menolak kedatangannya."
70,3,Daripada Allah yang menguasai tempat-tempat turun naik.
70,4,Yang dilalui oleh para Malaikat dan Jibril ke pusat pemerintahan-Nya (untuk menerima dan menyempurnakan tugas masing-masing terutama) pada satu hari (masa) yang tempohnya (dirasai oleh orang yang bersalah) sungguh panjang kadarnya selama lima puluh ribu tahun (kerana banyak hitungan hisab dan berat soal jawabnya).
70,5,Maka bersabarlah (wahai Muhammad terhadap ejekan golongan yang kafir itu) dengan kesabaran yang sebaik-baiknya.
70,6,"Sebenarnya, mereka memandang azab itu jauh (daripada berlaku)."
70,7,Sedangkan Kami memandangnya dekat (tetap akan berlaku).
70,8,(Iaitu) pada hari langit menjadi seperti tembaga cair.
70,9,Dan gunung-ganang pula menjadi seperti bulu (yang berterbangan).
70,10,Dan tidak ada sahabat karib yang ber-tanyakan hal sahabat karibnya (kerana setiap orang sibuk memikirkan keadaan diri sendiri).
70,11,Padahal masing-masing dapat melihat yang lain. (Pada saat begitu) orang kafir suka kiranya dapat menebus dirinya daripada azab itu dengan anak-anaknya sendiri.
70,12,Dan isterinya serta saudaranya.
70,13,Dan kaum kerabat yang melindunginya.
70,14,"Juga sekalian makhluk yang ada di bumi, kemudian (diharapkannya) tebusan itu dapat menyelamatkannya."
70,15,Tidak sekali-kali (sebagaimana yang diharapkannya)! Sesungguhnya neraka (yang disediakan untuknya) tetap menjulang-julang apinya.
70,16,(Membakar dan) menggugurkan kulit ubun-ubun serta anggota badan.
70,17,Neraka itu juga memanggil dan menarik orang yang membelakangi serta berpaling (daripada kebenaran).
70,18,Dan orang yang mengumpulkan (harta kekayaan) lalu menyimpannya (tanpa membayar zakat).
70,19,Sesungguhnya manusia itu diciptakan bertabiat resah gelisah (bakhil kedekut).
70,20,Apabila dia ditimpa kesusahan dia ber-keluh-kesah.
70,21,"Dan apabila dia beroleh kesenangan, dia sangat bakhil kedekut."
70,22,Kecuali orang yang mendirikan solat.
70,23,Iaitu mereka yang tetap setia mendirikan solatnya.
70,24,Dan juga mereka (yang menentukan bahagian) pada harta bendanya menjadi hak yang termaklum.
70,25,Bagi orang miskin yang meminta dan orang miskin yang menahan diri (daripada meminta).
70,26,Dan mereka yang mempercayai hari pembalasan (dengan melakukan amalan soleh sebagai buktinya).
70,27,Dan mereka yang takut ditimpa azab Tuhannya.
70,28,Kerana sesungguhnya tidak ada seorang pun yang patut berasa aman dengan azab Tuhan mereka.
70,29,Dan mereka yang memelihara kehor-matannya.
70,30,"Kecuali terhadap isteri mereka atau hamba sahaya yang dimiliki mereka, maka sesungguhnya mereka tidak tercela."
70,31,"Maka sesiapa mencari selain yang demi-kian, mereka itulah orang yang melampaui batas."
70,32,Mereka yang memelihara amanah dan janjinya.
70,33,Mereka yang memberikan keterangan dengan benar dan adil (semasa menjadi saksi).
70,34,Dan mereka yang memelihara solatnya.
70,35,Mereka (yang bersifat begitu) dimuliakan di dalam syurga.
70,36,Maka mengapakah orang kafir yang menentangmu (wahai Muhammad) datang berkejaran ke sisimu?
70,37,"(Sambil mereka) berkumpul, berpuak-puak di sebelah kanan dan di sebelah kirimu."
70,38,Patutkah setiap seorang daripada mereka berharap supaya masuk syurga yang penuh kenikmatan (sedangkan dia tidak beriman)?
70,39,Tidak mungkin! (Mereka yang kufur ingkar tidak akan dapat memasukinya) Sesungguhnya Kami telah menciptakan mereka daripada apa-apa yang sedia diketahui oleh mereka.
70,40,"Maka Aku bersumpah dengan (kebesaran-Ku) Tuhan yang menguasai (seluruh alam meliputi) tempat terbit (matahari, bulan dan bintang dan tempat tenggelamnya), sesungguhnya Kami benar-benar berkuasa."
70,41,Untuk (membinasakan mereka serta) menggantikan mereka dengan kaum yang lebih baik daripada mereka dan Kami tidak sekali-kali dapat dikalahkan atau dilemahkan.
70,42,Maka biarkanlah mereka (wahai Muhammad) tenggelam dalam kesesatan dan leka bermain (dalam dunianya hingga mereka menemui hari yang dijanjikan kepada mereka (untuk menerima balasan)!
70,43,Iaitu pada hari ketika mereka keluar dari kubur masing-masing menuju (ke Padang Mahsyar) seolah-olah berkejaran ke (tempat) berhala (yang disembah oleh mereka dahulu).
70,44,Sambil pandangan mereka tertunduk ke bawah diliputi kehinaan. Itulah hari yang dijanjikan kepada mereka.
71,1,"Sesungguhnya Kami telah mengutus Nuh kepada kaumnya (dengan perintah), Berilah kaummu peringatan dan amaran sebelum datang kepada mereka azab yang pedih."
71,2,"Dia (merayu kepada mereka dengan) berkata, Wahai kaumku, sesungguhnya aku diutuskan kepada kamu sebagai pemberi peringatan dan amaran yang jelas!"
71,3,"Sembahlah Allah, bertakwalah kepada-Nya dan taatlah kepadaku."
71,4,"Supaya Allah mengampunkan seba-hagian dosamu dan menangguhkan kamu daripada azab sampai batas waktu yang ditentukan, (maka segeralah beribadat dan bertakwa). Sesungguhnya ketetapan Allah itu apabila ajal telah datang, maka ia tidak dapat ditunda seandainya kamu mengetahui (hakikat ini, tentulah kamu segera beriman)."
71,5,"(Setelah puas menyeru mereka), Nuh berdoa, Wahai Tuhanku, sesungguhnya aku telah menyeru kaumku siang dan malam (supaya mereka beriman)!"
71,6,"Tetapi, seruanku itu tidak menambahkan (iman) mereka, malah mereka (semakin) lari (daripada kebenaran)."
71,7,"Dan sesungguhnya setiap kali aku me-nyeru mereka (untuk beriman) agar Engkau mengampunkan dosa-dosa mereka, mereka memasukkan anak jari ke telinga mereka sambil berselubung dengan pakaian mereka dan mereka tetap berdegil mengingkarinya dan sangat menyombongkan diri."
71,8,"Kemudian, aku telah menyeru mereka secara terang-terangan."
71,9,"Selain itu, aku menyeru mereka (beru-lang-ulang) secara beramai-ramai dengan berterus terang dan menyeru mereka secara berseorangan dengan perlahan-lahan."
71,10,"Sehingga aku berkata (kepada mereka), Mohonlah keampunan daripada Tuhanmu, sesungguhnya Dia Maha Pengampun."
71,11,(Sekiranya kamu berbuat demikian) nescaya Dia akan menurunkan hujan yang lebat dari langit kepadamu.
71,12,Dan Dia mengurniakan kamu harta kekayaan dan anak pinak dan menjadikan bagi kamu kebun-kebun tanaman serta menjadikan bagi kamu sungai (yang mengalir di dalamnya).
71,13,Mengapakah kamu tidak menghargai kebesaran Allah (dan kekuasaan-Nya)?
71,14,Padahal sesungguhnya Dia telah menciptakan kamu dengan kejadian yang berperingkat-peringkat.
71,15,Tidakkah kamu perhatikan bagaimana Allah telah menjadikan tujuh langit yang berlapis-lapis?
71,16,Dan Dia menjadikan bulan yang ber-cahaya dan menjadikan matahari sebagai lampu (yang menerangi).
71,17,Dan Allah telah menumbuhkan bagi kamu (benda-benda yang berasal) dari bumi dengan tumbuhan yang sungguh sempurna.
71,18,"Kemudian, Dia mengembalikan kamu ke bumi (sesudah mati dan mengeluarkan kamu daripadanya (sesudah dihidupkan semula untuk dihitung amalan dan diberi balasan)."
71,19,Dan Allah telah menjadikan bumi untuk kamu sebagai hamparan.
71,20,Agar kamu melalui jalan-jalan yang luas padanya.
71,21,"Nuh berkata, Wahai Tuhanku, sesung-guhnya mereka telah menderhaka kepadaku dan mereka telah menurut orang yang harta dan anak pinaknya tidak menambahinya melainkan kerugian (di akhirat kelak)!"
71,22,Dan mereka melakukan tipu daya dengan perancangan yang besar (untuk menentang seruanku).
71,23,"Dan (ketua-ketua) mereka (menghasut dengan) berkata, Jangan kamu meninggalkan (penyembahan) tuhan kamu terutamanya penyembahan Wadd, Suwaa, Yaghuth, Yauq dan Nasr."
71,24,Dan sesungguhnya ketua-ketua itu telah menyesatkan ramai orang dan janganlah Engkau (wahai Tuhanku!) tambahkan bagi orang yang zalim itu melainkan kesesatan.
71,25,"Disebabkan dosa dan kesalahan mereka, maka mereka pun ditenggelamkan (dengan bah dan taufan), lalu (pada hari akhirat) dimasukkan ke dalam neraka, maka mereka tidak akan beroleh sebarang penolong selain Allah (yang dapat memberikan pertolongan)."
71,26,"Dan Nuh berkata, Wahai Tuhanku, janganlah Engkau biarkan seorang pun antara orang kafir itu tinggal di atas bumi!"
71,27,"Sesungguhnya jika Engkau membiarkan mereka hidup, nescaya mereka akan menyesatkan hambamu dan mereka tidak akan melahirkan anak melainkan pembuat dosa lagi kufur ingkar."
71,28,"Wahai Tuhanku, ampunkanlah aku, ibu bapaku, dan sesiapa pun yang memasuki rumahku dengan beriman dan (ampunkanlah) semua orang yang beriman, lelaki dan perempuan. Janganlah Engkau tambahkan bagi orang yang zalim itu melainkan kebinasaan!"
72,1,"Katakanlah (wahai Muhammad), Telah diwahyukan kepadaku bahawa sekumpulan jin telah mendengar (al-Quran yang aku bacakan), lalu mereka berkata, Sesungguhnya kami telah mendengar al-Quran (sebuah kitab suci) yang susunan dan kandungan-nya sungguh menakjubkan."
72,2,Kitab yang memberi hidayah petunjuk kepada jalan yang benar lalu kami beriman dengannya dan kami sekali-kali tidak akan mempersekutukan sesuatu pun dengan Tuhan kami.
72,3,"Dan (ketahuilah wahai kaum kami!) Sesungguhnya Maha Tinggi keagungan Tuhan kami, Dia tidak beristeri dan tidak beranak."
72,4,Dan (dengan ajaran al-Quran) sesungguhnya (ketua) yang kurang akalnya antara kami telah mengucapkan perkataan yang melampaui batas terhadap Allah.
72,5,Dan sesungguhnya kami menyangka bahawa manusia dan jin itu tidak akan mengatakan perkataan yang dusta terhadap Allah.
72,6,"Dan sesungguhnya (amat salah perbuatan) beberapa orang manusia menjaga dan melindungi diri mereka dengan meminta pertolongan daripada ketua golongan jin kerana dengan permintaan itu, mereka menjadikan golongan jin bertambah sombong dan jahat."
72,7,Dan sesungguhnya (tidak benar) manu-sia menyangka seperti yang kamu sangka bahawa Allah tidak akan sekali-kali mengutuskan seorang Rasul (atau tidak akan membangkitkan manusia pada hari kiamat).
72,8,"Dan sesungguhnya kami telah berusaha mencari rahsia langit, lalu kami dapati langit itu penuh dengan pengawal yang kuat kawalannya (dengan rejaman) api yang menyala."
72,9,"Dan padahal dahulu, kami dapat menduduki beberapa tempat (perhentian) di langit itu untuk mendengar (percakapan penduduknya). Tetapi sekarang sesiapa yang cuba mendengar, pasti akan menjumpai api yang menyala yang menunggu untuk merejamnya."
72,10,"Dan sesungguhnya kami tidak mengetahui adakah (dengan adanya kawalan langit yang demikian), keburukan akan ditimpakan kepada orang di bumi atau Tuhan mereka menghendaki kebaikan bagi mereka?"
72,11,Dan sesungguhnya antara kami ada golongan yang soleh dan ada pula sebaliknya. Masing-masing menempuh jalan yang berbeza-beza.
72,12,Dan sesungguhnya antara kami mengetahui bahawa kami tidak akan sekali-kali mampu melepaskan diri dari-pada balasan Allah (walau di mana sa-haja kami berada) di bumi dan kami juga tidak sekali-kali dapat melepaskan diri daripada balasan-Nya (walau ke langit sekalipun).
72,13,"Dan sesungguhnya ketika kami mendengar hidayah petunjuk al-Quran, kami beriman kepadanya. Maka sesiapa yang beriman kepada Tuhannya, maka tidak perlu takut menanggung kerugian (tentang amal baiknya) dan tidak akan ditimpa sebarang kezaliman."
72,14,Dan bahawa sesungguhnya (dengan datangnya al-Quran) ada antara kami yang beragama Islam dan ada golongan (kufur) yang menyimpang daripada kebenaran. Sesiapa yang menuruti Islam (beriman dan taat) maka mereka itu telah memilih jalan yang lurus.
72,15,"Dan adapun orang yang menyimpang daripada kebenaran, maka mereka menjadi bahan bakar bagi neraka Jahanam."
72,16,"(Muhammad diwahyukan menerangkan lagi), Dan sekiranya mereka (manusia dan jin itu) tetap berjalan lurus di atas jalan (Islam), nescaya Kami akan menurunkan hujan yang lebat kepada mereka."
72,17,"(Pemberian yang demikian) untuk Kami menguji mereka dengan nikmat yang Kami berikan. Sesiapa berpaling daripada mengingati Tuhannya, nescaya Tuhan akan memasukkan mereka ke dalam azab yang sangat berat."
72,18,Dan sesungguhnya masjid ialah tempat (beribadat kepada) Allah. Maka janganlah kamu menyembah sesiapa pun di dalamnya selain Allah.
72,19,"Dan sesungguhnya ketika hamba Allah (Muhammad) berdiri melakukan ibadat kepada-Nya, mereka hampir-hampir menindih antara satu dengan yang lain mengerumuninya."
72,20,"Katakanlah (wahai Muhammad), Sesungguhnya aku hanya menyembah Tuhanku dan aku tidak mempersekutukan-Nya dengan sesiapa pun."
72,21,"Katakanlah lagi, Sesungguhnya aku tidak ada kuasa mendatangkan mudarat mahupun mendatangkan kebaikan kepadamu."
72,22,"Katakanlah lagi, Sesungguhnya tidak ada sesuatu pun yang dapat melindungiku daripada (azab) Allah (jika aku derhaka kepada-Nya) dan aku tidak sekali-kali akan mendapat tempat perlindungan selain-Nya."
72,23,"(Aku diberi kuasa) hanya menyampaikan wahyu daripada Allah dan perintah-Nya. Sesiapa yang menderhakai Allah dan Rasul-Nya, maka disediakan bagi mereka neraka Jahanam dan kekallah mereka di dalamnya buat selama-lamanya."
72,24,"(Golongan yang kufur ingkar itu tetap memandang kamu lemah dan kurang pengikut wahai Muhammad) sehingga mereka melihat (azab) yang dijanjikan kepada mereka, maka (pada saat itu), mereka akan mengetahui siapakah orangnya yang lebih lemah penolongnya dan sedikit jumlah bilangannya?"
72,25,"(Kalau ditanya, Bilakah azab itu? Maka katakanlah, Aku tidak mengetahui sama ada (azab) yang dijanjikan kepadamu itu sudah dekat atau Tuhanku menentukan kedatangannya bagi satu tempoh yang lama."
72,26,Hanya Allah yang mengetahui perkara ghaib tetapi Dia tidak memperlihatkan perkara ghaib itu kepada sesiapa pun.
72,27,"Melainkan kepada Rasul yang diredhai-Nya (untuk mengetahui sebahagian daripada perkara ghaib yang berkaitan dengan tugas-nya dan apabila Allah hendak melakukan yang demikian), maka Dia mengadakan di hadapan dan di belakang Rasul itu Malaikat yang menjaga dan mengawasnya (sehingga perkara ghaib itu selamat sampai kepada yang berkenaan)."
72,28,(Allah menciptakan Malaikat itu) supaya Dia mengetahui bahawa sesungguhnya para Rasul telah menyampaikan risalah Tuhan mereka (dengan sempurna) padahal Dia memang mengetahui segala keadaan yang ada pada mereka dan Dia menghitung setiap sesuatu dengan terperinci.
73,1,Wahai orang yang berselimut!
73,2,Bangunlah mendirikan solat tahajud pada waktu malam melainkan sedikit masa (untuk berehat).
73,3,Iaitu separuh daripada waktu malam atau kurang sedikit daripada itu.
73,4,Ataupun lebihkan (sedikit) daripadanya dan bacalah al-Quran itu dengan tartil.
73,5,Sesungguhnya Kami akan menurunkan wahyu yang berat (al-Quran) kepadamu.
73,6,Sesungguhnya bangun malam (bersolat dan beribadat) itu lebih kuat (mengisi jiwa) dan (bacaan al-Quran pada waktu itu) lebih berkesan.
73,7,Sesungguhnya pada siang hari kamu sangat sibuk dengan urusan yang panjang.
73,8,Dan sebutlah dengan lidah dan hati nama Tuhanmu (terus-menerus siang dan malam) dan tumpukanlah (amal ibadatmu) kepada-Nya dengan sepenuh hati.
73,9,"Dialah Tuhan yang menguasai timur dan barat. Tidak ada tuhan selain Dia, maka jadikanlah Dia sebagai penjaga yang menyempurnakan urusanmu."
73,10,Dan bersabarlah terhadap apa-apa yang dikatakan oleh mereka (yang menentangmu) dan jauhkanlah dirimu daripada mereka dengan cara yang baik.
73,11,Dan biarkanlah Aku sahaja yang membalas orang yang mendustakan (ajaranmu) yang memiliki segala kemewahan dan berilah tempoh sedikit masa lagi kepada mereka.
73,12,Sesungguhnya di sisi Kami disediakan (untuk mereka) belenggu dan neraka yang menjulang nyalaannya.
73,13,Dan makanan yang menjadikan pema-kannya tercekik dan azab seksa yang tidak terperi sakitnya.
73,14,(Azab itu tetap berlaku) pada hari bumi dan gunung-ganang bergoncang (serta hancur lebur) dan menjadi timbunan pasir yang berterbangan.
73,15,"Sesungguhnya Kami telah mengutus seorang Rasul kepada kamu yang akan menjadi saksi terhadapmu, sebagaimana Kami telah mengutus seorang Rasul kepada Firaun."
73,16,"Namun Firaun menderhakai Rasul itu, maka Kami menyeksanya dengan seksaan yang berat."
73,17,(Sekiranya kamu tidak ditimpa azab di dunia) lalu bagaimana kamu dapat menjaga dirimu jika kamu tetap ingkar kepada hari yang (huru-haranya) menyebabkan kanak-kanak kecil menjadi tua beruban.
73,18,Langit terbelah dengan sebab dahsyat-nya hari itu. Janji Allah itu adalah sesuatu yang tetap dilakukan-Nya.
73,19,"Sesungguhnya (keterangan yang mengandungi amaran) ini adalah peringatan. Maka sesiapa menghendaki kebaikan dirinya, nescaya dia mengambil jalan (yang lurus) kepada Tuhannya (dengan keimanan dan ketaatan)."
73,20,"Sesungguhnya Tuhanmu mengetahui bahawa kamu (Muhammad) berdiri (solat) kurang daripada dua per tiga malam, atau seper dua malam atau seper tiganya dan (demikian pula) segolongan daripada orang yang bersamamu. Dan Allah yang menetapkan kadar malam dan siang. Allah mengetahui bahawa kamu tidak dapat menentukan kadar masa itu, maka Dia memberi keringanan kepadamu. Oleh itu, bacalah mana-mana yang mudah (bagimu) daripada al-Quran (dalam solat). Dia mengetahui bahawa akan ada antara kamu yang sakit, yang bermusafir di bumi mencari rezeki kurniaan Allah dan yang berjuang di jalan Allah. Maka bacalah mana-mana yang mudah (bagimu) daripada Al-Quran dan dirikanlah solat, tunaikanlah zakat dan berikanlah pinjaman kepada Allah pinjaman yang baik (ikhlas). Apa-apa sahaja kebaikan yang kamu lakukan untuk dirimu, nescaya kamu memperoleh balasannya di sisi Allah sebagai balasan yang paling baik dan yang paling besar pahalanya. Dan mohonlah keampunan daripada Allah. Sesungguhnya Allah Maha Pengampun lagi Maha Pengasih."
74,1,Wahai orang yang berselimut!
74,2,"Bangunlah, serta berilah peringatan dan amaran (kepada umat manusia)."
74,3,Maka ucapkanlah dan ingatlah kebesaran Tuhanmu.
74,4,Dan pakaianmu hendaklah kamu bersihkan.
74,5,Dan jauhilah segala perbuatan yang keji.
74,6,Dan janganlah kamu memberi (sesuatu dengan maksud) memperoleh balasan yang lebih banyak.
74,7,"Dan bagi (menjalankan perintah) Tuhanmu, maka hendaklah kamu bersabar (terhadap tentangan musuh)."
74,8,Apabila sangkakala ditiup.
74,9,Maka pada saat itulah berlakunya hari yang sukar.
74,10,"Bagi orang kafir, tidak mudah untuk mereka (mengelakkan azabnya)."
74,11,(Jangan kamu bimbang wahai Muhammad) biarkanlah Aku sahaja membalas orang(yang menentangmu) yang Aku ciptakan dia (dalam keadaan) bersendirian (di dalam perut ibunya).
74,12,Dan Aku jadikan untuknya kekayaan yang melimpah.
74,13,Dan anak pinak (ramai) yang sentiasa berada di sisinya.
74,14,Dan Aku mudahkan baginya (mendapat kekayaan dan kekuasaan) dengan semudah-mudahnya.
74,15,"Kemudian, dia ingin sangat supaya Aku menambahi lagi."
74,16,Tidak sekali-kali (akan ditambah)! Sesungguhnya dia telah menentang ayat-ayat Kami (al-Quran yang disampaikan oleh Rasul kami).
74,17,Aku akan menyeksanya (dengan azab) yang amat berat.
74,18,Sesungguhnya dia telah memikirkan dan mereka-reka (pelbagai tuduhan terhadap al-Quran).
74,19,Maka celakalah dia! Bagaimanakah dia berani mereka-reka (tuduhan itu)?
74,20,"Maka sekali lagi, celakalah dia! Bagaima-nakah dia berani mereka-reka (tuduhan itu)?"
74,21,"Kemudian, dia merenung dan memikirkan (jalan untuk mencaci al-Quran berkali-kali tetapi gagal)."
74,22,Lalu dia memasamkan mukanya dan berkerut.
74,23,"Kemudian, dia berpaling (daripada kebenaran) dan menyombongkan diri."
74,24,"Lalu dia berkata, (Al-Quran) ini tidak lain hanya sihir yang dipelajari (daripada ahli-ahlinya)."
74,25,Ini hanya kata-kata (rekaan) manusia.
74,26,"(Disebabkan kekufuran itu), Aku mema-sukkan dia ke dalam neraka Saqar."
74,27,Tahukah kamu betapa dahsyatnya neraka Saqar itu?
74,28,Neraka itu membakar mangsanya dengan tidak meninggalkan sisa dan tidak membiarkannya (binasa terus).
74,29,Yang terus-menerus membakar kulit manusia.
74,30,Pengawal dan penjaganya sembilan belas (Malaikat).
74,31,"(Ketahuilah bahawa hikmah) Kami tidak menjadikan pengawal neraka itu melainkan (dalam kalangan) Malaikat (kerana mereka sekuat-kuat dan sebetul-betul makhluk yang menjalankan perintah Kami) dan (hikmah) Kami tidak menerangkan bilangan mereka melainkan dengan satu bilangan yang menyebabkan kesesatan dan kesengsaraan orang kafir itu supaya orang yang diberi kitab (Yahudi dan Nasrani) boleh percaya dengan yakin (kebenaran al-Quran), dan supaya orang yang beriman bertambah imannya dan supaya orang yang diberi kitab dan orang yang beriman itu tidak ragu-ragu (tentang kebenaran keterangan itu) dan (sebaliknya) supaya orang (munafik) yang ada penyakit (ragu-ragu) dalam hatinya dan orang kafir berkata, Apakah yang dimaksudkan oleh Allah dengan menyebutkan bilangan ganjil ini? Demikianlah Allah menyesatkan sesiapa yang dikehendaki-Nya (menurut undang-undang peraturan-Nya) dan memberikan hidayah petunjuk kepada sesiapa yang dikehendaki-Nya dan tiada yang mengetahui tentera Tuhanmu melainkan Dia sahaja. (Ingatlah, segala yang diterangkan berkenaan dengan) neraka itu tidak lain hanyalah menjadi peringatan bagi manusia."
74,32,Sebenarnya! Demi bulan.
74,33,Dan demi malam apabila melenyapkan diri.
74,34,Dan demi subuh apabila mulai terang.
74,35,Sesungguhnya (Saqar itu) adalah salah satu (bencana) yang sangat besar.
74,36,Sebagai amaran bagi umat manusia.
74,37,(Iaitu) bagi sesiapa antara kamu yang ingin maju (dalam melakukan kebaikan) atau yang berpaling (daripada melaku-kannya).
74,38,Setiap orang tidak terlepas daripada (balasan buruk bagi kejahatan) yang di-lakukannya.
74,39,Kecuali golongan kanan.
74,40,"(Mereka ditempatkan) di dalam syurga (yang penuh nikmat), mereka saling bertanya (sesama mereka)."
74,41,Tentang (tempat tinggal) orang yang berdosa.
74,42,"(Setelah melihat orang yang bersalah itu, mereka berkata), Apakah yang menyebabkan kamu masuk ke dalam (neraka) Saqar?"
74,43,"Mereka menjawab, Kami tidak termasuk orang yang mendirikan solat."
74,44,Dan kami tidak pernah memberi makan orang miskin.
74,45,Dan kami selalu memperkatakan perkara yang salah bersama-sama orang yang membicarakannya.
74,46,Dan kami sentiasa mendustakan hari pembalasan.
74,47,Sehingga datang kepada kami perkara yang tetap diyakini.
74,48,Maka tidak berguna lagi bagi mereka sebarang syafaat (pertolongan) daripada sesiapa pun yang boleh memberikan syafaat.
74,49,"(Jika demikianlah halnya orang yang bersalah), mengapakah mereka lari daripada peringatan al-Quran?"
74,50,Seakan-akan mereka sekawan keldai liar yang lari.
74,51,Melarikan diri (ketakutan) daripada singa.
74,52,(Mereka tidak berasa cukup dengan peringatan itu) bahkan setiap orang daripada mereka ingin agar diberikan kepadanya lembaran-lembaran (kitab) yang terbuka (yang diturunkan dari langit untuk dibaca oleh mereka sendiri).
74,53,Tidak! Sebenarnya mereka (tidak percaya dan) tidak takut kepada akhirat.
74,54,Ketahuilah sesungguhnya (al-Quran) itu benar-benar suatu peringatan (yang sangat besar pengajarannya).
74,55,Maka jika sesiapa menghendaki maka dia pasti mengambil pengajaran daripadanya.
74,56,Dan mereka tidak akan mengambil pengajaran daripadanya (al-Quran) kecuali (jika) Allah menghendakinya. Dialah Tuhan yang berhak dipatuhi perintah-Nya dan Dialah jua yang memberi keampunan (ke-pada orang yang beriman dan taat).
75,1,Aku bersumpah dengan hari kiamat.
75,2,Dan Aku bersumpah dengan al-Nafsu al-Lawwamah (bahawa kamu akan dibangkitkan sesudah mati)!
75,3,Patutkah manusia (yang kafir) menyangka bahawa Kami tidak akan mengumpulkan (kem-bali) tulang belulangnya (dan menghidupkanya semula)?
75,4,(Bahkan) Kami berkuasa menyusun (kembali) jari-jemarinya dengan sempurna (tulang yang lebih halus daripada yang lain).
75,5,(Kebenaran itu bukan tiada buktinya) tetapi manusia (yang ingkar) suka melakukan perbuatan kufur dan maksiat terus-menerus (sehingga mengingkari adanya hari kiamat).
75,6,"Dia bertanya (secara mengejek), Bilakah hari kiamat itu?"
75,7,Maka (jawabnya hari kiamat akan datang) apabila pandangan menjadi berpinar-pinar (kerana takut).
75,8,Dan bulan pun hilang cahayanya.
75,9,Dan matahari dan bulan dihimpunkan bersama-sama.
75,10,"Pada hari itu, manusia (yang ingkarkan hari kiamat) berkata, Ke manakah tempat untuk melarikan diri?"
75,11,Tidak! Tidak ada lagi tempat berlindung!
75,12,Hanya kepada Tuhanmu sahajalah terserah ketetapan segala perkara pada hari itu.
75,13,"Pada hari itu, manusia diberitahu apa-apa yang telah dilakukannya dan apa-apa yang dilalaikannya."
75,14,Bahkan (anggota badan) manusia menjadi saksi atas dirinya sendiri.
75,15,Dan meskipun dia memberikan pelbagai alasannya (untuk membela diri).
75,16,"Janganlah kamu (wahai Muhammad) kerana hendak cepat menghafaz al-Quran yang diturunkan kepadamu, menggerakkan lidahmu membacanya (sebelum selesai dibacakan kepadamu)."
75,17,Sesungguhnya Kami yang akan mengumpulkan al-Quran (dalam dadamu) dan menggerakkan lidahmu membacanya.
75,18,Apabila Kami telah menyempurnakan bacaannya (kepadamu melalui Jibril) maka ikutilah bacaannya.
75,19,Kemudian sesungguhnya Kami yang akan menjelaskan kandungannya.
75,20,"Sedarlah wahai orang yang lalai (sebenarnya kamu tidak ingat kesudahan kamu), bahkan kamu mencintai kehidupan dunia yang sebentar sahaja."
75,21,Dan kamu mengabaikan (bekalan untuk) hari akhirat (yang kekal abadi).
75,22,Dan wajah (orang yang beriman) pada hari itu berseri-seri.
75,23,Memandang Tuhannya.
75,24,"Dan pada hari itu, wajah (orang kafir) muram hodoh."
75,25,Mereka percaya dengan yakin bahawa mereka akan ditimpa malapetaka (azab seksa) yang membinasakan.
75,26,Sedarlah (ingatlah tentang hal orang yang hendak mati)! Apabila (nyawa) telah sampai ke kerongkong.
75,27,"Dan dikatakan (kepadanya), Siapakah yang dapat menyembuhkan?"
75,28,Dan dia yakin bahawa itulah waktu perpisahan (dengan dunia).
75,29,Dan kedahsyatan mati pun bertindih-tindih (bertaut betis kiri dengan betis kanan).
75,30,Kepada Tuhanmu jua pada hari itu kamu dibawa (untuk menerima balasan).
75,31,"(Oleh sebab orang kafir tidak mempercayai hari akhirat), maka dia tidak mengakui kebenaran (yang diwajibkan untuk diyakini) dan dia tidak mendirikan solat (yang difardukan)."
75,32,Akan tetapi dia mendustakan (Rasul) dan berpaling ingkar (daripada kebenaran).
75,33,Kemudian dia pergi kepada keluar-ganya dengan sombong.
75,34,(Wahai orang kafir!) Kecelakaanlah bagimu maka kecelakaanlah bagimu.
75,35,"Kemudian, kecelakaanlah bagimu dan kecelakaanlah bagimu!"
75,36,"Patutkah manusia menyangka, dia akan dibiarkan begitu sahaja (dengan tidak diberikan tanggungjawab dan tidak dihidupkan kembali untuk menerima balasan)?"
75,37,Bukankah dia berasal daripada setitis air mani yang dipancarkan (ke dalam rahim)?
75,38,"Kemudian mani itu menjadi sebuku darah beku, lalu Allah menjadikannya dan menyempurnakannya (sebagai manusia)."
75,39,"Lalu Allah menjadikan daripadanya dua jenis, iaitu lelaki dan perempuan."
75,40,Adakah (Allah yang menjadikan semuanya) itu tidak berkuasa menghidupkan orang yang mati? (Pasti Dia berkuasa)!
76,1,Bukankah telah berlalu kepada manusia satu waktu daripada masa (yang beredar) sedangkan dia (masih belum wujud lagi dan) tidak menjadi sesuatu benda yang disebut-sebut (maka mengapakah kaum musyrik itu mengingkari hari akhirat)?
76,2,"Sesungguhnya Kami telah aturkan cara mencipta manusia daripada setitis air mani yang bercampur (pati benih lelaki dan perempuan) yang Kami hendak mengujinya (dengan perintah dan larangan). Oleh sebab itulah, Kami jadikan dia boleh mendengar dan melihat."
76,3,"(Kerana keadaan itu tidak mencukupi, maka) sesungguhnya Kami telah menun-jukkan kepadanya (melalui akal dan Rasul) jalan (yang benar dan yang salah lalu terserah kepadanya) sama ada dia bersyukur (beriman dan taat) atau kufur (dengan mengingkari kebenaran atau derhaka)."
76,4,"Sesungguhnya Kami telah menyediakan bagi orang kafir (atau menderhaka) rantai, belenggu dan neraka yang menyala-nyala."
76,5,Sesungguhnya orang yang berbakti (dengan taat dan kebaikan) akan meminum daripada bejana sejenis minuman yang bercampur dengan Kafur.
76,6,(Iaitu) mata air (di dalam syurga) yang diminum oleh hamba-hamba Allah (yang taat) dan mereka dapat mengalirkan mata air itu (ke tempat tinggal mereka) dengan mudah dan menurut kemahuan mereka.
76,7,Mereka (memperoleh kesenangan itu) kerana mereka memenuhi nazar (apatah lagi yang diwajibkan Tuhan kepada mereka) dan mereka takutkan hari akhirat yang azabnya merata di sana sini.
76,8,"Dan mereka juga memberikan makanan yang disukai mereka kepada orang miskin, anak yatim dan orang yang ditawan."
76,9,"(Sambil berkata), Sesungguhnya kami memberi makanan kepada kamu hanya kerana mengharapkan keredhaan Allah, kami tidak mengharap sebarang balasan dan ucapan terima kasih daripada kamu."
76,10,Sesungguhnya kami takutkan (azab) Tuhan pada hari (ketika) orang yang bersalah berwajah masam penuh kesulitan.
76,11,"(Dengan sebab mereka menjaga diri daripada kesalahan), maka Allah melindungi mereka daripada kesengsaraan hari itu dan memberikan mereka keceriaan dan kegembiraan."
76,12,Dan Dia memberi balasan kepada mereka kerana kesabaran mereka (melakukan suruhan Allah dan meninggalkan larangan-Nya) dengan syurga dan (pakaian daripada) sutera.
76,13,"Di sana mereka duduk tersandar di atas pelamin-pelamin (yang berhias), di sana mereka tidak melihat (merasa teriknya) matahari dan tidak juga merasai dingin yang berlebihan."
76,14,Naungan (pohon-pohon) syurga dekat dengan mereka dan dimudahkan pula untuk mereka memetik buah-buahannya.
76,15,Dan diedarkan kepada mereka bejana-bejana daripada perak dan gelas-gelas yang bening seperti kaca (nampak jelas isinya).
76,16,(Keadaannya seperti) kaca yang jernih (sedangkan bejana itu) diperbuat daripada perak yang mana para pelayan itu menentukan kadar isinya yang sesuai dengan kehendak penggunanya.
76,17,Dan mereka di dalam syurga itu diberi minuman yang campurannya daripada Zanjabil.
76,18,Iaitu sebuah mata air di dalam syurga yang disebutkan sifatnya sebagai Salsabil.
76,19,"Dan mereka dilayan oleh anak-anak muda lelaki yang tetap kekal (dalam keadaan mudanya) yang sentiasa beredar di sekitar mereka. Apabila kamu melihat anak-anak muda itu, nescaya kamu menyangka mereka mutiara yang bertaburan."
76,20,"Dan apabila kamu melihat (keadaan) di sana (syurga), nescaya kamu akan melihat pelbagai kenikmatan dan kerajaan yang besar (tiada tolok bandingnya)."
76,21,Mereka di dalam syurga berpakaian sutera hijau yang diperbuat daripada sutera halus dan sutera tebal serta dihiasi dengan gelang tangan yang diperbuat daripada perak dan Tuhan mereka memberikan kepada mereka minuman yang bersih (dan suci).
76,22,"(Serta dikatakan kepada mereka), Sesungguhnya inilah balasan untuk kamu dan segala usaha kamu diterima dan dihargai (Allah)."
76,23,Sesungguhnya Kami yang menurunkan al-Quran kepadamu (wahai Muhammad) secara beransur-ansur.
76,24,Maka bersabarlah untuk menerima hukum Tuhanmu (memberi tempoh kepada golongan yang menentang) dan janganlah kamu mengikuti orang yang berdosa dan orang kafir antara mereka.
76,25,Dan sebutlah dengan lidah atau hati nama Tuhanmu (dalam dan luar solat) pada (waktu) pagi dan petang.
76,26,"Dan pada sebahagian waktu malam, bersujudlah kepada-Nya dan bertasbihlah (mendirikan solat tahajud) kepada-Nya pada sebahagian daripada waktu malam yang panjang."
76,27,Sesungguhnya mereka (orang kafir) itu mencintai kehidupan yang cepat habis dan meninggalkan (bekalan) hari akhirat yang berat (penderitaannya kepada orang yang tidak bertakwa).
76,28,"Kami telah mencipta mereka dan menguatkan tulang sendi dan urat saraf mereka. (Kami berkuasa membinasakan mereka) dan apabila Kami kehendaki, Kami gantikan mereka dengan orang yang serupa dengan mereka."
76,29,Sesungguhnya (ayat-ayat) ini ialah peringatan. Maka sesiapa yang mahukan (kebaikan bagi dirinya) tentu dia mengambil jalan menuju keredhaan Allah.
76,30,Dan kamu tidak menghendaki melakukan sesuatu perkara kecuali apabila dikehendaki Allah. Sesungguhnya Allah Maha Mengeta-hui lagi Maha Bijaksana (mengatur semua perkara yang dikehendaki-Nya).
76,31,Dia memasukkan sesiapa yang dikehendaki-Nya ke dalam rahmat-Nya (syurga). Adapun bagi orang yang zalim disediakan bagi mereka azab yang pedih.
77,1,Demi (makhluk-makhluk) yang dihantar berturut-turut (menjalankan tugasnya).
77,2,Juga yang merempuh mara dengan sekencang-kencangnya.
77,3,Demi (makhluk) yang menyebarkan (pengajaran dan peringatan) dengan sebaran yang bersungguh-sungguh.
77,4,Serta yang memisahkan (antara yang benar dengan yang salah) dengan pemisahan yang sejelas-jelasnya.
77,5,Lalu menyampaikan pengajaran dan peringatan (kepada manusia).
77,6,"Untuk menghapuskan kesalahan orang yang bertaubat, membaiki keadaan dirinya dan untuk menakutkan orang yang ingkar."
77,7,(Sumpah demi sumpah) sesungguhnya segala yang dijanjikan kepadamu tetap akan berlaku.
77,8,Maka apabila bintang-bintang (binasa) hilang lenyap.
77,9,Dan apabila langit terbelah.
77,10,Dan apabila gunung-ganang hancur lebur berterbangan.
77,11,Dan apabila para Rasul telah ditetapkan waktunya untuk dipanggil menjadi saksi terhadap umatnya (sudah tentu manusia akan menerima balasan masing-masing).
77,12,(Jika ditanyakan) hari yang manakah (perkara-perkara yang besar) itu ditang-guhkan?
77,13,(Jawabnya) sampai hari keputusan hukum.
77,14,Dan tahukah kamu apakah hari keputusan hukum itu?
77,15,Celakalah pada hari itu bagi orang yang mendustakan (apa-apa yang dijanjikan oleh Rasul-Nya).
77,16,"Bukankah Kami telah binasakan kaum terdahulu (yang ingkar derhaka seperti kaum Nuh, Aad dan Thamud?"
77,17,Kemudian Kami iringi mereka dengan (membinasakan orang yang ingkar daripada) orang yang datang kemudian.
77,18,Demikianlah Kami perlakukan terhadap sesiapa yang berdosa.
77,19,Celakalah pada hari itu bagi orang yang mendustakan (apa-apa yang Kami janjikan)!
77,20,Bukankah Kami telah menciptakan kamu daripada air (mani) yang sedikit dipandang orang.
77,21,Lalu Kami jadikan air (benih) itu pada tempat penetapan yang kukuh.
77,22,Sehingga sampai waktu yang ditentukan.
77,23,"Lalu Kami tentukan (bentuknya), maka Kami sebaik-baik yang menentukan setiap sesuatu."
77,24,Celakalah pada hari itu bagi orang yang mendustakan (kekuasaan Kami).
77,25,Bukankah Kami jadikan bumi sebagai (tempat) berkumpul (penduduknya)?
77,26,Yang hidup dan yang mati?
77,27,"Dan Kami jadikan padanya gunung-ganang yang tinggi, dan Kami beri minuman kepada kamu air tawar yang menghilangkan dahaga."
77,28,"Celakalah pada hari itu, bagi orang yang mendustakan (nikmat pemberian Kami)!"
77,29,"(Dikatakan kepada mereka ketika diazab), Pergilah kamu mendapatkan azab yang dahulu kamu dustakan."
77,30,Pergilah kamu mendapatkan naungan (asap api neraka) yang bercabang tiga.
77,31,Yang tidak melindungi dan tidak dapat memberikan sebarang perlindungan daripada nyalaan api neraka.
77,32,Sesungguhnya neraka itu menyemburkan bunga api (sebesar dan setinggi) bangunan besar.
77,33,(Banyaknya dan warnanya) bunga api itu seolah-olah rombongan unta kuning.
77,34,Celakalah pada hari itu bagi orang yang mendustakan (keadaan yang demikian)!
77,35,Inilah hari mereka tidak dapat berbicara (setiap orang terpinga-pinga ketakutan).
77,36,"Dan tidak diizinkan mereka bercakap, maka mereka tidak dapat meminta maaf."
77,37,Celakalah pada hari itu bagi orang yang mendustakan (hari akhirat)!
77,38,Inilah hari keputusan (siapa yang benar dan siapa yang salah). Kami kumpulkan kamu bersama-sama orang yang terdahulu.
77,39,"Oleh itu, jika kamu ada sebarang tipu daya untuk melepaskan diri, maka cuba lakukan (tipu daya) itu terhadap azab-Ku."
77,40,"Celakalah pada hari itu, bagi orang yang mendustakan (apa-apa yang telah dijanjikan oleh Allah)!"
77,41,Sesungguhnya orang yang bertakwa berada dalam naungan (pepohonan syurga yang teduh) dan (di sekitar) mata air.
77,42,Dan menikmati pelbagai jenis buah-buahan yang diingini mereka.
77,43,"(Katakanlah kepada mereka), Makan dan minumlah dengan rasa nikmat sebagai balasan daripada apa-apa yang telah kamu kerjakan."
77,44,Sesungguhnya demikianlah Kami memberi balasan kepada orang yang berbuat kebaikan.
77,45,Celakalah pada hari itu bagi orang yang mendustakan (nikmat-nikmat syurga).
77,46,Makanlah dan bersenanglah kamu (wahai orang yang ingkar!) sementara waktu hidup (kemudian kamu akan menghadapi bahaya). Sesungguhnya kamu orang yang berdosa!
77,47,Celakalah pada hari itu bagi orang yang mendustakan (amaran Allah)!
77,48,"Dan apabila dikatakan kepada mereka (yang ingkar), Taatlah dan dirikanlah solat, mereka enggan melakukannya."
77,49,Celakalah pada hari itu bagi orang yang mendustakan (perintah Allah dan larangan-Nya)!
77,50,"(Kalau mereka tidak mahu beriman kepada keterangan ayat tersebut), maka perkataan yang mana lagi sesudah itu mereka mahu beriman?"
